{
  "Testing": {
    "TAs": {
      "num": 10,
      "eligible_frequencies": [1, 1, 1, 1, 1, 1, 1, 1, 1, 1],
      "total_min_bw": [1053, 634, 646, 4707, 768, 2675, 796, 844, 777, 896],
      "latency": [25, 25, 25, 25, 25, 25, 25, 25, 25, 25],
      "scaling_factor": [0.45101380514788436, 1.0534315258295925, 0.9018409877108771, 1.010571915258593, 0.4200000542192255, 1.017516121228712, 2.367123831427088, 2.8399515404794746, 1.0186367460760115, 0.968765178251963],
      "c": [0.001803185945445526, 0.001032661120914519, 0.0018729677083581596, 0.0018536970796999488, 0.00584415997190124, 0.0021923948368566255, 0.0022654640481329074, 0.0012410453332914934, 0.0008406983937113625, 0.0012065483251084645]
    },
    "Channels": {
      "num": 1,
      "capacity": 10000
    },
    "Seed": 1
  },
  "Constraints":
  {
    "candidate_tas": {
      "num": 2,
      "eligible_frequencies": [[1, [1]]],
      "voice_bandwidth": [[0.8, [120]], [0.2, [50, 200]]],
      "safety_bandwidth": [[0.65, [500, 1000]], [0.15, [100, 500]], [0.2, [1000, 8000]]],
      "latency": [[0.5, [50]], [0.5, [10, 50]]],
      "scaling_factor": [[0.2, [0.4, 0.6]], [0.7, [0.9, 1.1]], [0.1, [2.0, 3.0]]],
      "c": [[0.8, [0.0005, 0.0025]], [0.2, [0.0025, 0.007]]]
    },
    "channels": {
      "num": 1,
      "frequency": [4919, 22],
      "capacity": [[0.98, [10000]], [0.02, [1000, 10000]]]
    },
    "guard_band": 1,
    "goal_throughput_bulk": 0,
    "goal_throughput_voice": 0,
    "goal_throughput_safety": 0,
    "epoch": 100,
    "txop_timeout": 255
  },
  "Algorithms":
  {
    "Discretizers":
    {
      "Accuracy": {
        "epsilons": [0.99]
      },
      "Bandwidth": {
        "num_discs": []
      },
      "Value": {
        "num_discs": []
      }
    },
    "Optimizers":
    {
      "CBC": 1,
      "Greedy": 0,
      "Dynamic": 0
    },
    "Schedulers":
    {
      "Conservative": 0,
      "Hybrid": 1
    }
  },
  "Perturbations":
  {
    "perturb": 1,
    "reconsider": 2,
    "combine": 0,
    "ta_bandwidth": 500,
    "channel_dropoff": 5,
    "channel_capacity": 3000
  },
  "Miscellaneous":
  {
    "testing": 0,
    "orientdb": 1,
    "visualize": 0,
    "clear": 1,
    "instances": [1, 1]
  }
}
